,mean_fit_time,std_fit_time,mean_score_time,std_score_time,param_bilateral_diameter,param_dp,param_gaussian_kernel,param_max_radius,param_median_kernel,param_method,param_min_dist,param_min_radius,param_param1,param_param2,param_use_bilateral_blur,param_use_gaussian_blur,param_use_median_blur,params,split0_test_score,split1_test_score,split2_test_score,split3_test_score,split4_test_score,mean_test_score,std_test_score,rank_test_score
0,0.20794005393981935,0.08033770223614403,216.97969965934755,32.26879984202327,9,1,5,500,11,3,1000,50,20,20,True,True,True,"{'bilateral_diameter': 9, 'dp': 1, 'gaussian_kernel': 5, 'max_radius': 500, 'median_kernel': 11, 'method': 3, 'min_dist': 1000, 'min_radius': 50, 'param1': 20, 'param2': 20, 'use_bilateral_blur': True, 'use_gaussian_blur': True, 'use_median_blur': True}",-7.985950940558921,-11.80273568429556,-70.72455920082037,-23.73149103059191,-42.69099469121861,-31.387146309497076,23.086719919471207,23
1,0.20218052864074706,0.08707433291524139,151.59592399597167,28.906036755311014,9,1,5,500,11,3,1000,50,20,30,True,True,True,"{'bilateral_diameter': 9, 'dp': 1, 'gaussian_kernel': 5, 'max_radius': 500, 'median_kernel': 11, 'method': 3, 'min_dist': 1000, 'min_radius': 50, 'param1': 20, 'param2': 30, 'use_bilateral_blur': True, 'use_gaussian_blur': True, 'use_median_blur': True}",-7.985950940558921,-11.80273568429556,-44.20838658885693,-23.73149103059191,-23.55399972100993,-22.25651279306265,12.638624827897821,18
2,0.33260884284973147,0.08828355820031042,111.65533123016357,24.149146918980176,9,1,5,500,11,3,1000,50,20,40,True,True,True,"{'bilateral_diameter': 9, 'dp': 1, 'gaussian_kernel': 5, 'max_radius': 500, 'median_kernel': 11, 'method': 3, 'min_dist': 1000, 'min_radius': 50, 'param1': 20, 'param2': 40, 'use_bilateral_blur': True, 'use_gaussian_blur': True, 'use_median_blur': True}",-7.985950940558921,-11.80273568429556,-18.218403044502868,-23.73149103059191,-23.55399972100993,-17.058516084191837,6.29285159477881,13
3,0.4920766353607178,0.2538253962521804,85.34828691482544,20.925448363506835,9,1,5,500,11,3,1000,50,20,50,True,True,True,"{'bilateral_diameter': 9, 'dp': 1, 'gaussian_kernel': 5, 'max_radius': 500, 'median_kernel': 11, 'method': 3, 'min_dist': 1000, 'min_radius': 50, 'param1': 20, 'param2': 50, 'use_bilateral_blur': True, 'use_gaussian_blur': True, 'use_median_blur': True}",-7.985950940558921,-11.80273568429556,-18.218403044502868,-23.73149103059191,-23.55399972100993,-17.058516084191837,6.29285159477881,13
4,0.40325345993041994,0.25607401327821816,63.04025416374206,16.583127969488785,9,1,5,500,11,3,1000,50,20,60,True,True,True,"{'bilateral_diameter': 9, 'dp': 1, 'gaussian_kernel': 5, 'max_radius': 500, 'median_kernel': 11, 'method': 3, 'min_dist': 1000, 'min_radius': 50, 'param1': 20, 'param2': 60, 'use_bilateral_blur': True, 'use_gaussian_blur': True, 'use_median_blur': True}",-7.985950940558921,-11.80273568429556,-18.218403044502868,-23.73149103059191,-23.55399972100993,-17.058516084191837,6.29285159477881,13
5,0.4195354461669922,0.07888833611749357,53.12146596908569,15.035717918257044,9,1,5,500,11,3,1000,50,20,70,True,True,True,"{'bilateral_diameter': 9, 'dp': 1, 'gaussian_kernel': 5, 'max_radius': 500, 'median_kernel': 11, 'method': 3, 'min_dist': 1000, 'min_radius': 50, 'param1': 20, 'param2': 70, 'use_bilateral_blur': True, 'use_gaussian_blur': True, 'use_median_blur': True}",-7.985950940558921,-11.80273568429556,-18.218403044502868,-23.73149103059191,-23.504036525380904,-17.04852344506603,6.282560509648627,12
6,0.45699167251586914,0.09310111166769887,45.59187393188476,16.421165103806846,9,1,5,500,11,3,1000,50,20,80,True,True,True,"{'bilateral_diameter': 9, 'dp': 1, 'gaussian_kernel': 5, 'max_radius': 500, 'median_kernel': 11, 'method': 3, 'min_dist': 1000, 'min_radius': 50, 'param1': 20, 'param2': 80, 'use_bilateral_blur': True, 'use_gaussian_blur': True, 'use_median_blur': True}",-7.985950940558921,-11.767881761378776,-18.218403044502868,-23.73149103059191,-21.92143103986952,-16.725031563380398,5.987788647860288,11
7,0.21747264862060547,0.1351625859260674,38.5062337398529,15.161521019046642,9,1,5,500,11,3,1000,50,20,100,True,True,True,"{'bilateral_diameter': 9, 'dp': 1, 'gaussian_kernel': 5, 'max_radius': 500, 'median_kernel': 11, 'method': 3, 'min_dist': 1000, 'min_radius': 50, 'param1': 20, 'param2': 100, 'use_bilateral_blur': True, 'use_gaussian_blur': True, 'use_median_blur': True}",-7.585539192245704,-11.767881761378776,-18.218403044502868,-23.775415014965922,-20.0108565910506,-16.271619120828774,5.82770026775049,10
8,0.399783992767334,0.12064004044401588,122.23720760345459,21.86272877107301,9,1,5,500,11,3,1000,50,30,20,True,True,True,"{'bilateral_diameter': 9, 'dp': 1, 'gaussian_kernel': 5, 'max_radius': 500, 'median_kernel': 11, 'method': 3, 'min_dist': 1000, 'min_radius': 50, 'param1': 30, 'param2': 20, 'use_bilateral_blur': True, 'use_gaussian_blur': True, 'use_median_blur': True}",-39.31666105255709,-11.127957783363017,-67.7527846452587,-38.851450883455755,-66.86463239456258,-44.78269735183943,21.03775415016586,26
9,0.3243438243865967,0.1550377369704064,91.1549174785614,22.110542242227552,9,1,5,500,11,3,1000,50,30,30,True,True,True,"{'bilateral_diameter': 9, 'dp': 1, 'gaussian_kernel': 5, 'max_radius': 500, 'median_kernel': 11, 'method': 3, 'min_dist': 1000, 'min_radius': 50, 'param1': 30, 'param2': 30, 'use_bilateral_blur': True, 'use_gaussian_blur': True, 'use_median_blur': True}",-37.922807026695814,-11.127957783363017,-36.697023079302824,-38.851450883455755,-20.987950309194794,-29.11743781640244,11.130549034667546,19
10,0.3880753517150879,0.1279658667484868,68.44583249092102,17.467736692659415,9,1,5,500,11,3,1000,50,30,40,True,True,True,"{'bilateral_diameter': 9, 'dp': 1, 'gaussian_kernel': 5, 'max_radius': 500, 'median_kernel': 11, 'method': 3, 'min_dist': 1000, 'min_radius': 50, 'param1': 30, 'param2': 40, 'use_bilateral_blur': True, 'use_gaussian_blur': True, 'use_median_blur': True}",-12.32559348396799,-11.127957783363017,-10.611793512368715,-11.000093886581029,-20.987950309194794,-13.210677795095108,3.9305965291600913,6
11,0.4841287612915039,0.10487737694089047,52.46256761550903,14.866482671113427,9,1,5,500,11,3,1000,50,30,50,True,True,True,"{'bilateral_diameter': 9, 'dp': 1, 'gaussian_kernel': 5, 'max_radius': 500, 'median_kernel': 11, 'method': 3, 'min_dist': 1000, 'min_radius': 50, 'param1': 30, 'param2': 50, 'use_bilateral_blur': True, 'use_gaussian_blur': True, 'use_median_blur': True}",-12.32559348396799,-11.127957783363017,-10.611793512368715,-11.000093886581029,-20.987950309194794,-13.210677795095108,3.9305965291600913,6
12,0.2476953983306885,0.19823025311178663,43.79438509941101,13.196540210329442,9,1,5,500,11,3,1000,50,30,60,True,True,True,"{'bilateral_diameter': 9, 'dp': 1, 'gaussian_kernel': 5, 'max_radius': 500, 'median_kernel': 11, 'method': 3, 'min_dist': 1000, 'min_radius': 50, 'param1': 30, 'param2': 60, 'use_bilateral_blur': True, 'use_gaussian_blur': True, 'use_median_blur': True}",-12.32559348396799,-11.127957783363017,-10.611793512368715,-11.000093886581029,-20.987950309194794,-13.210677795095108,3.9305965291600913,6
13,0.32964863777160647,0.06364899030815693,38.22277522087097,11.467537559566685,9,1,5,500,11,3,1000,50,30,70,True,True,True,"{'bilateral_diameter': 9, 'dp': 1, 'gaussian_kernel': 5, 'max_radius': 500, 'median_kernel': 11, 'method': 3, 'min_dist': 1000, 'min_radius': 50, 'param1': 30, 'param2': 70, 'use_bilateral_blur': True, 'use_gaussian_blur': True, 'use_median_blur': True}",-12.32559348396799,-11.127957783363017,-10.611793512368715,-11.000093886581029,-20.006375566632475,-13.014362846582646,3.5426201609454835,5
14,0.3061245918273926,0.12549045316410543,32.932116460800174,12.643942039984791,9,1,5,500,11,3,1000,50,30,80,True,True,True,"{'bilateral_diameter': 9, 'dp': 1, 'gaussian_kernel': 5, 'max_radius': 500, 'median_kernel': 11, 'method': 3, 'min_dist': 1000, 'min_radius': 50, 'param1': 30, 'param2': 80, 'use_bilateral_blur': True, 'use_gaussian_blur': True, 'use_median_blur': True}",-12.32559348396799,-11.09310386044623,-10.611793512368715,-11.000093886581029,-19.355381628054385,-12.87719327428367,3.289671713249564,4
15,0.33834247589111327,0.10859787486887773,29.35378122329712,11.712635455127383,9,1,5,500,11,3,1000,50,30,100,True,True,True,"{'bilateral_diameter': 9, 'dp': 1, 'gaussian_kernel': 5, 'max_radius': 500, 'median_kernel': 11, 'method': 3, 'min_dist': 1000, 'min_radius': 50, 'param1': 30, 'param2': 100, 'use_bilateral_blur': True, 'use_gaussian_blur': True, 'use_median_blur': True}",-11.925181735654773,-11.09310386044623,-10.611793512368715,-11.044017870955035,-8.848242224711637,-10.704467840827277,1.0208463802952013,2
16,0.24125752449035645,0.13881748668952537,82.8657304763794,16.01226709156148,9,1,5,500,11,3,1000,50,40,20,True,True,True,"{'bilateral_diameter': 9, 'dp': 1, 'gaussian_kernel': 5, 'max_radius': 500, 'median_kernel': 11, 'method': 3, 'min_dist': 1000, 'min_radius': 50, 'param1': 40, 'param2': 20, 'use_bilateral_blur': True, 'use_gaussian_blur': True, 'use_median_blur': True}",-38.499479876318645,-7.640991203176671,-54.104031520394905,-63.232349376374486,-74.06027650552286,-47.507425696357515,23.09250097468748,27
17,0.3321052551269531,0.14537625368942333,64.63254418373108,14.546797739821018,9,1,5,500,11,3,1000,50,40,30,True,True,True,"{'bilateral_diameter': 9, 'dp': 1, 'gaussian_kernel': 5, 'max_radius': 500, 'median_kernel': 11, 'method': 3, 'min_dist': 1000, 'min_radius': 50, 'param1': 40, 'param2': 30, 'use_bilateral_blur': True, 'use_gaussian_blur': True, 'use_median_blur': True}",-38.060100343449555,-7.640991203176671,-25.504285866979473,-32.17895298132352,-46.78590685860317,-30.034047450706474,13.203110591862515,20
18,0.3246572494506836,0.025874447592413204,46.8924617767334,11.275611427134178,9,1,5,500,11,3,1000,50,40,40,True,True,True,"{'bilateral_diameter': 9, 'dp': 1, 'gaussian_kernel': 5, 'max_radius': 500, 'median_kernel': 11, 'method': 3, 'min_dist': 1000, 'min_radius': 50, 'param1': 40, 'param2': 40, 'use_bilateral_blur': True, 'use_gaussian_blur': True, 'use_median_blur': True}",-14.144704982539912,-7.640991203176671,-7.944098627812794,-14.351709818080993,-46.738520761889745,-18.164005078700022,14.576499057286217,17
19,0.3520360469818115,0.05817951639029811,38.87881064414978,10.99130823833079,9,1,5,500,11,3,1000,50,40,50,True,True,True,"{'bilateral_diameter': 9, 'dp': 1, 'gaussian_kernel': 5, 'max_radius': 500, 'median_kernel': 11, 'method': 3, 'min_dist': 1000, 'min_radius': 50, 'param1': 40, 'param2': 50, 'use_bilateral_blur': True, 'use_gaussian_blur': True, 'use_median_blur': True}",-14.144704982539912,-7.640991203176671,-7.944098627812794,-14.351709818080993,-22.35596392880339,-13.28749371208275,5.376604518907768,9
20,0.31624374389648435,0.030646812394269675,31.603057861328125,7.903663636628717,9,1,5,500,11,3,1000,50,40,60,True,True,True,"{'bilateral_diameter': 9, 'dp': 1, 'gaussian_kernel': 5, 'max_radius': 500, 'median_kernel': 11, 'method': 3, 'min_dist': 1000, 'min_radius': 50, 'param1': 40, 'param2': 60, 'use_bilateral_blur': True, 'use_gaussian_blur': True, 'use_median_blur': True}",-14.144704982539912,-7.640991203176671,-7.944098627812794,-11.893131446046013,-19.17386049333974,-12.159357350583026,4.275506391847062,3
21,0.2423253059387207,0.09731629367549204,27.332524824142457,7.543180557899002,9,1,5,500,11,3,1000,50,40,70,True,True,True,"{'bilateral_diameter': 9, 'dp': 1, 'gaussian_kernel': 5, 'max_radius': 500, 'median_kernel': 11, 'method': 3, 'min_dist': 1000, 'min_radius': 50, 'param1': 40, 'param2': 70, 'use_bilateral_blur': True, 'use_gaussian_blur': True, 'use_median_blur': True}",-14.144704982539912,-7.640991203176671,-7.944098627812794,-11.893131446046013,-7.924560216553705,-9.909497295225819,2.6389647825162394,1
22,0.1870258331298828,0.1351254534846918,24.931413698196412,8.220978360473906,9,1,5,500,11,3,1000,50,40,80,True,True,True,"{'bilateral_diameter': 9, 'dp': 1, 'gaussian_kernel': 5, 'max_radius': 500, 'median_kernel': 11, 'method': 3, 'min_dist': 1000, 'min_radius': 50, 'param1': 40, 'param2': 80, 'use_bilateral_blur': True, 'use_gaussian_blur': True, 'use_median_blur': True}",-14.144704982539912,-7.606137280259885,-41.81103604985658,-11.893131446046013,-9.905776943956752,-17.072157340531827,12.556806521473803,16
23,0.19479131698608398,0.12413753071755415,23.63329062461853,7.711716372518488,9,1,5,500,11,3,1000,50,40,100,True,True,True,"{'bilateral_diameter': 9, 'dp': 1, 'gaussian_kernel': 5, 'max_radius': 500, 'median_kernel': 11, 'method': 3, 'min_dist': 1000, 'min_radius': 50, 'param1': 40, 'param2': 100, 'use_bilateral_blur': True, 'use_gaussian_blur': True, 'use_median_blur': True}",-45.693626392467856,-7.606137280259885,-41.81103604985658,-11.847679507830383,-78.76109411116211,-37.14391466831536,25.84279018858116,25
24,0.2572824478149414,0.06802768958551393,61.0982825756073,11.067814192593248,9,1,5,500,11,3,1000,50,50,20,True,True,True,"{'bilateral_diameter': 9, 'dp': 1, 'gaussian_kernel': 5, 'max_radius': 500, 'median_kernel': 11, 'method': 3, 'min_dist': 1000, 'min_radius': 50, 'param1': 50, 'param2': 20, 'use_bilateral_blur': True, 'use_gaussian_blur': True, 'use_median_blur': True}",-58.316356742124185,-6.352485940158973,-95.93235754085886,-38.95304208919215,-114.76182187839338,-62.863212838145515,38.91751886187593,31
25,0.27286906242370607,0.09836278985883289,47.92653741836548,10.813421294118395,9,1,5,500,11,3,1000,50,50,30,True,True,True,"{'bilateral_diameter': 9, 'dp': 1, 'gaussian_kernel': 5, 'max_radius': 500, 'median_kernel': 11, 'method': 3, 'min_dist': 1000, 'min_radius': 50, 'param1': 50, 'param2': 30, 'use_bilateral_blur': True, 'use_gaussian_blur': True, 'use_median_blur': True}",-35.634743960374564,-6.352485940158973,-53.447860222217905,-26.974690454068817,-36.18418887813283,-31.718793890990618,15.319156879153736,24
26,0.2590005397796631,0.09868606636479793,35.47063322067261,9.721381502500634,9,1,5,500,11,3,1000,50,50,40,True,True,True,"{'bilateral_diameter': 9, 'dp': 1, 'gaussian_kernel': 5, 'max_radius': 500, 'median_kernel': 11, 'method': 3, 'min_dist': 1000, 'min_radius': 50, 'param1': 50, 'param2': 40, 'use_bilateral_blur': True, 'use_gaussian_blur': True, 'use_median_blur': True}",-13.46162708213323,-6.352485940158973,-41.23374530577955,-12.705834808997855,-80.75199715536952,-30.901138058487824,27.67566746976832,21
27,0.2657270908355713,0.07309329871680859,28.369172477722167,7.036907161834317,9,1,5,500,11,3,1000,50,50,50,True,True,True,"{'bilateral_diameter': 9, 'dp': 1, 'gaussian_kernel': 5, 'max_radius': 500, 'median_kernel': 11, 'method': 3, 'min_dist': 1000, 'min_radius': 50, 'param1': 50, 'param2': 50, 'use_bilateral_blur': True, 'use_gaussian_blur': True, 'use_median_blur': True}",-45.63823296764712,-6.352485940158973,-76.70907516196512,-46.55790993358852,-80.75199715536952,-51.201940231745844,26.787367182019736,28
28,0.21628456115722655,0.09790031844589456,24.769438171386717,6.868510149683916,9,1,5,500,11,3,1000,50,50,60,True,True,True,"{'bilateral_diameter': 9, 'dp': 1, 'gaussian_kernel': 5, 'max_radius': 500, 'median_kernel': 11, 'method': 3, 'min_dist': 1000, 'min_radius': 50, 'param1': 50, 'param2': 60, 'use_bilateral_blur': True, 'use_gaussian_blur': True, 'use_median_blur': True}",-45.63823296764712,-6.352485940158973,-76.70907516196512,-46.55790993358852,-119.39931216637153,-58.931403233946256,37.594595052507444,29
29,0.2232822895050049,0.15166412688490755,22.0953989982605,5.1976082913143555,9,1,5,500,11,3,1000,50,50,70,True,True,True,"{'bilateral_diameter': 9, 'dp': 1, 'gaussian_kernel': 5, 'max_radius': 500, 'median_kernel': 11, 'method': 3, 'min_dist': 1000, 'min_radius': 50, 'param1': 50, 'param2': 70, 'use_bilateral_blur': True, 'use_gaussian_blur': True, 'use_median_blur': True}",-45.729142058556214,-6.352485940158973,-76.70907516196512,-46.55790993358852,-119.39931216637153,-58.949585052128064,37.588183136012084,30
30,0.18511762619018554,0.09204691438630395,20.505225372314452,5.089455753562851,9,1,5,500,11,3,1000,50,50,80,True,True,True,"{'bilateral_diameter': 9, 'dp': 1, 'gaussian_kernel': 5, 'max_radius': 500, 'median_kernel': 11, 'method': 3, 'min_dist': 1000, 'min_radius': 50, 'param1': 50, 'param2': 80, 'use_bilateral_blur': True, 'use_gaussian_blur': True, 'use_median_blur': True}",-141.67027045878314,-6.317632017242185,-76.70907516196512,-46.55790993358852,-119.44693121399058,-78.1403637571139,48.785830589890736,33
31,0.23006830215454102,0.09026159895160184,19.439158248901368,4.862805380029101,9,1,5,500,11,3,1000,50,50,100,True,True,True,"{'bilateral_diameter': 9, 'dp': 1, 'gaussian_kernel': 5, 'max_radius': 500, 'median_kernel': 11, 'method': 3, 'min_dist': 1000, 'min_radius': 50, 'param1': 50, 'param2': 100, 'use_bilateral_blur': True, 'use_gaussian_blur': True, 'use_median_blur': True}",-141.26985871046992,-6.317632017242185,-152.92003452435978,-123.95088829798613,-119.49047910123673,-108.78977853025894,52.625735445125656,36
32,0.14819912910461425,0.0390864289073247,43.45750484466553,8.74299962374321,9,1,5,500,11,3,1000,50,60,20,True,True,True,"{'bilateral_diameter': 9, 'dp': 1, 'gaussian_kernel': 5, 'max_radius': 500, 'median_kernel': 11, 'method': 3, 'min_dist': 1000, 'min_radius': 50, 'param1': 60, 'param2': 20, 'use_bilateral_blur': True, 'use_gaussian_blur': True, 'use_median_blur': True}",-61.24747492264223,-5.659122925976279,-98.3771066603309,-85.10397772855424,-99.20871117804343,-69.91927868310941,34.93669049165425,32
33,0.2530489444732666,0.11647626194405727,36.14760866165161,7.008992001929234,9,1,5,500,11,3,1000,50,60,30,True,True,True,"{'bilateral_diameter': 9, 'dp': 1, 'gaussian_kernel': 5, 'max_radius': 500, 'median_kernel': 11, 'method': 3, 'min_dist': 1000, 'min_radius': 50, 'param1': 60, 'param2': 30, 'use_bilateral_blur': True, 'use_gaussian_blur': True, 'use_median_blur': True}",-15.889024143148957,-5.659122925976279,-60.780607148001245,-56.73946403281808,-16.086124768174802,-31.030868603623873,22.988367158649762,22
34,0.2352285861968994,0.10468323723651791,26.273674392700194,6.279557613634488,9,1,5,500,11,3,1000,50,60,40,True,True,True,"{'bilateral_diameter': 9, 'dp': 1, 'gaussian_kernel': 5, 'max_radius': 500, 'median_kernel': 11, 'method': 3, 'min_dist': 1000, 'min_radius': 50, 'param1': 60, 'param2': 40, 'use_bilateral_blur': True, 'use_gaussian_blur': True, 'use_median_blur': True}",-142.2902160642307,-5.659122925976279,-118.49960097851606,-159.26662409983507,-158.98377999897517,-116.93986881350665,57.59812836591874,37
35,0.23224210739135742,0.07977621399607562,22.8997314453125,4.426333626551612,9,1,5,500,11,3,1000,50,60,50,True,True,True,"{'bilateral_diameter': 9, 'dp': 1, 'gaussian_kernel': 5, 'max_radius': 500, 'median_kernel': 11, 'method': 3, 'min_dist': 1000, 'min_radius': 50, 'param1': 60, 'param2': 50, 'use_bilateral_blur': True, 'use_gaussian_blur': True, 'use_median_blur': True}",-142.2902160642307,-5.659122925976279,-152.46311825861608,-159.26662409983507,-158.98377999897517,-123.73257226952664,59.357369115873105,38
36,0.1526482582092285,0.07814567985840641,19.90828251838684,5.069924216319047,9,1,5,500,11,3,1000,50,60,60,True,True,True,"{'bilateral_diameter': 9, 'dp': 1, 'gaussian_kernel': 5, 'max_radius': 500, 'median_kernel': 11, 'method': 3, 'min_dist': 1000, 'min_radius': 50, 'param1': 60, 'param2': 60, 'use_bilateral_blur': True, 'use_gaussian_blur': True, 'use_median_blur': True}",-142.2902160642307,-5.659122925976279,-185.2792656071198,-159.26662409983507,-158.98377999897517,-130.29580173922741,63.817956132096306,40
37,0.10243778228759766,0.03828197938606342,18.09614839553833,3.9427576720128594,9,1,5,500,11,3,1000,50,60,70,True,True,True,"{'bilateral_diameter': 9, 'dp': 1, 'gaussian_kernel': 5, 'max_radius': 500, 'median_kernel': 11, 'method': 3, 'min_dist': 1000, 'min_radius': 50, 'param1': 60, 'param2': 70, 'use_bilateral_blur': True, 'use_gaussian_blur': True, 'use_median_blur': True}",-142.2902160642307,-5.659122925976279,-185.2792656071198,-159.26662409983507,-158.98377999897517,-130.29580173922741,63.817956132096306,40
38,0.09457998275756836,0.02556482461066398,16.582153940200804,2.5841570268348506,9,1,5,500,11,3,1000,50,60,80,True,True,True,"{'bilateral_diameter': 9, 'dp': 1, 'gaussian_kernel': 5, 'max_radius': 500, 'median_kernel': 11, 'method': 3, 'min_dist': 1000, 'min_radius': 50, 'param1': 60, 'param2': 80, 'use_bilateral_blur': True, 'use_gaussian_blur': True, 'use_median_blur': True}",-142.2902160642307,-5.624269003059492,-185.2792656071198,-159.26662409983507,-159.03139904659423,-130.29835476416787,63.83585421527374,42
39,0.2902853012084961,0.12343673962720741,15.181401109695434,2.598653943963362,9,1,5,500,11,3,1000,50,60,100,True,True,True,"{'bilateral_diameter': 9, 'dp': 1, 'gaussian_kernel': 5, 'max_radius': 500, 'median_kernel': 11, 'method': 3, 'min_dist': 1000, 'min_radius': 50, 'param1': 60, 'param2': 100, 'use_bilateral_blur': True, 'use_gaussian_blur': True, 'use_median_blur': True}",-141.88980431591747,-5.624269003059492,-185.2792656071198,-159.31054808420907,-159.14694674909256,-130.2501667518797,63.83545555649941,39
40,0.11453428268432617,0.05860072499585909,33.30550847053528,6.241576883695229,9,1,5,500,11,3,1000,50,70,20,True,True,True,"{'bilateral_diameter': 9, 'dp': 1, 'gaussian_kernel': 5, 'max_radius': 500, 'median_kernel': 11, 'method': 3, 'min_dist': 1000, 'min_radius': 50, 'param1': 70, 'param2': 20, 'use_bilateral_blur': True, 'use_gaussian_blur': True, 'use_median_blur': True}",-116.38128280561938,-5.261335401257025,-141.6432407846085,-111.32667853231708,-152.798656459126,-105.4822387965856,52.42830830516086,35
41,0.21868224143981935,0.07581934488964777,28.451683950424194,4.997982598342578,9,1,5,500,11,3,1000,50,70,30,True,True,True,"{'bilateral_diameter': 9, 'dp': 1, 'gaussian_kernel': 5, 'max_radius': 500, 'median_kernel': 11, 'method': 3, 'min_dist': 1000, 'min_radius': 50, 'param1': 70, 'param2': 30, 'use_bilateral_blur': True, 'use_gaussian_blur': True, 'use_median_blur': True}",-122.47425675584249,-5.261335401257025,-82.22296332395662,-71.5963469646364,-149.84010736544894,-86.27900196222829,49.28692461871031,34
42,0.20462403297424317,0.07214664045337105,21.958919286727905,4.3850967779308485,9,1,5,500,11,3,1000,50,70,40,True,True,True,"{'bilateral_diameter': 9, 'dp': 1, 'gaussian_kernel': 5, 'max_radius': 500, 'median_kernel': 11, 'method': 3, 'min_dist': 1000, 'min_radius': 50, 'param1': 70, 'param2': 40, 'use_bilateral_blur': True, 'use_gaussian_blur': True, 'use_median_blur': True}",-138.24871475276998,-5.261335401257025,-184.91031017389145,-159.6111987654303,-234.56627606457855,-144.51956703158547,76.68084239594552,44
43,0.3131694793701172,0.10146912771983163,18.11715660095215,3.312123383662856,9,1,5,500,11,3,1000,50,70,50,True,True,True,"{'bilateral_diameter': 9, 'dp': 1, 'gaussian_kernel': 5, 'max_radius': 500, 'median_kernel': 11, 'method': 3, 'min_dist': 1000, 'min_radius': 50, 'param1': 70, 'param2': 50, 'use_bilateral_blur': True, 'use_gaussian_blur': True, 'use_median_blur': True}",-138.24871475276998,-5.261335401257025,-184.91031017389145,-159.67641225580954,-286.9973973735804,-155.0188339914617,90.60030889498812,45
44,0.15093212127685546,0.04971828693928622,17.012201452255248,2.27425820425499,9,1,5,500,11,3,1000,50,70,60,True,True,True,"{'bilateral_diameter': 9, 'dp': 1, 'gaussian_kernel': 5, 'max_radius': 500, 'median_kernel': 11, 'method': 3, 'min_dist': 1000, 'min_radius': 50, 'param1': 70, 'param2': 60, 'use_bilateral_blur': True, 'use_gaussian_blur': True, 'use_median_blur': True}",-190.1028042988072,-5.261335401257025,-224.61493457282054,-198.7429695856177,-286.9973973735804,-181.14388824641657,94.25429380075462,46
45,0.1388638973236084,0.0380087667522938,14.598471641540527,2.0396192561649475,9,1,5,500,11,3,1000,50,70,70,True,True,True,"{'bilateral_diameter': 9, 'dp': 1, 'gaussian_kernel': 5, 'max_radius': 500, 'median_kernel': 11, 'method': 3, 'min_dist': 1000, 'min_radius': 50, 'param1': 70, 'param2': 70, 'use_bilateral_blur': True, 'use_gaussian_blur': True, 'use_median_blur': True}",-190.1028042988072,-5.261335401257025,-224.61493457282054,-198.7429695856177,-286.9973973735804,-181.14388824641657,94.25429380075462,46
46,0.1621934413909912,0.061827793198311574,13.42421383857727,1.2154324015729814,9,1,5,500,11,3,1000,50,70,80,True,True,True,"{'bilateral_diameter': 9, 'dp': 1, 'gaussian_kernel': 5, 'max_radius': 500, 'median_kernel': 11, 'method': 3, 'min_dist': 1000, 'min_radius': 50, 'param1': 70, 'param2': 80, 'use_bilateral_blur': True, 'use_gaussian_blur': True, 'use_median_blur': True}",-190.1028042988072,-5.226481478340238,-271.70681580286373,-198.7429695856177,-287.0450164211994,-190.56481751736567,100.30936855495342,49
47,0.14499874114990235,0.07458656680771474,12.892172813415527,1.3130548577000045,9,1,5,500,11,3,1000,50,70,100,True,True,True,"{'bilateral_diameter': 9, 'dp': 1, 'gaussian_kernel': 5, 'max_radius': 500, 'median_kernel': 11, 'method': 3, 'min_dist': 1000, 'min_radius': 50, 'param1': 70, 'param2': 100, 'use_bilateral_blur': True, 'use_gaussian_blur': True, 'use_median_blur': True}",-189.70239255049398,-44.705451093790465,-271.70681580286373,-198.78689356999172,-287.0885643084456,-198.3980234651171,85.95040789685441,50
48,0.14190959930419922,0.051148691880852304,26.312298393249513,4.556727097888058,9,1,5,500,11,3,1000,50,80,20,True,True,True,"{'bilateral_diameter': 9, 'dp': 1, 'gaussian_kernel': 5, 'max_radius': 500, 'median_kernel': 11, 'method': 3, 'min_dist': 1000, 'min_radius': 50, 'param1': 80, 'param2': 20, 'use_bilateral_blur': True, 'use_gaussian_blur': True, 'use_median_blur': True}",-171.35450694930512,-29.533580436629386,-212.47405162621973,-132.28297329984034,-164.86120604285247,-142.10126367096942,61.796405458936,43
49,0.24753575325012206,0.0368685634341031,22.151243877410888,3.57925431816612,9,1,5,500,11,3,1000,50,80,30,True,True,True,"{'bilateral_diameter': 9, 'dp': 1, 'gaussian_kernel': 5, 'max_radius': 500, 'median_kernel': 11, 'method': 3, 'min_dist': 1000, 'min_radius': 50, 'param1': 80, 'param2': 30, 'use_bilateral_blur': True, 'use_gaussian_blur': True, 'use_median_blur': True}",-214.5947440641562,-5.892401406474986,-213.90623080255696,-214.95444253376445,-258.54693082545214,-181.57894992648093,89.48614716557832,48
50,0.13201532363891602,0.06108686583769503,17.259688234329225,3.4499170505100087,9,1,5,500,11,3,1000,50,80,40,True,True,True,"{'bilateral_diameter': 9, 'dp': 1, 'gaussian_kernel': 5, 'max_radius': 500, 'median_kernel': 11, 'method': 3, 'min_dist': 1000, 'min_radius': 50, 'param1': 80, 'param2': 40, 'use_bilateral_blur': True, 'use_gaussian_blur': True, 'use_median_blur': True}",-231.8594721524387,-5.892401406474986,-272.478318638268,-241.00295204221038,-287.3307307069137,-207.71277498926116,102.91390244472491,51
51,0.10573439598083496,0.036261498302361736,15.555499601364136,2.1510828073800226,9,1,5,500,11,3,1000,50,80,50,True,True,True,"{'bilateral_diameter': 9, 'dp': 1, 'gaussian_kernel': 5, 'max_radius': 500, 'median_kernel': 11, 'method': 3, 'min_dist': 1000, 'min_radius': 50, 'param1': 80, 'param2': 50, 'use_bilateral_blur': True, 'use_gaussian_blur': True, 'use_median_blur': True}",-231.8594721524387,-5.892401406474986,-308.629112333262,-241.00295204221038,-287.3307307069137,-214.94293372825996,108.33698547018275,52
52,0.14254508018493653,0.03928852914337202,14.147887086868286,1.2750610061885288,9,1,5,500,11,3,1000,50,80,60,True,True,True,"{'bilateral_diameter': 9, 'dp': 1, 'gaussian_kernel': 5, 'max_radius': 500, 'median_kernel': 11, 'method': 3, 'min_dist': 1000, 'min_radius': 50, 'param1': 80, 'param2': 60, 'use_bilateral_blur': True, 'use_gaussian_blur': True, 'use_median_blur': True}",-231.8594721524387,-6.413902966016122,-308.629112333262,-241.00295204221038,-287.3307307069137,-215.04723404016818,108.13573814209325,53
53,0.16806111335754395,0.10193853941764237,12.22731156349182,1.0828707709385732,9,1,5,500,11,3,1000,50,80,70,True,True,True,"{'bilateral_diameter': 9, 'dp': 1, 'gaussian_kernel': 5, 'max_radius': 500, 'median_kernel': 11, 'method': 3, 'min_dist': 1000, 'min_radius': 50, 'param1': 80, 'param2': 70, 'use_bilateral_blur': True, 'use_gaussian_blur': True, 'use_median_blur': True}",-231.8594721524387,-85.58202095534972,-308.629112333262,-241.00295204221038,-287.3307307069137,-230.8808576380349,78.03402552794888,54
54,0.10730400085449218,0.02937629807884287,11.0917724609375,0.9005948380501803,9,1,5,500,11,3,1000,50,80,80,True,True,True,"{'bilateral_diameter': 9, 'dp': 1, 'gaussian_kernel': 5, 'max_radius': 500, 'median_kernel': 11, 'method': 3, 'min_dist': 1000, 'min_radius': 50, 'param1': 80, 'param2': 80, 'use_bilateral_blur': True, 'use_gaussian_blur': True, 'use_median_blur': True}",-231.8594721524387,-122.32219366105548,-308.629112333262,-241.06181242209135,-287.37834975453274,-238.25018806467605,64.58299407750012,55
55,0.10811901092529297,0.05337371018653185,11.537075853347778,0.8255969440019462,9,1,5,500,11,3,1000,50,80,100,True,True,True,"{'bilateral_diameter': 9, 'dp': 1, 'gaussian_kernel': 5, 'max_radius': 500, 'median_kernel': 11, 'method': 3, 'min_dist': 1000, 'min_radius': 50, 'param1': 80, 'param2': 100, 'use_bilateral_blur': True, 'use_gaussian_blur': True, 'use_median_blur': True}",-231.4590604041255,-122.29922005868184,-341.56141184800896,-282.88117380288395,-287.4218976417789,-253.12455275109582,74.11815383914374,56
56,0.20051240921020508,0.08714717597602342,15.50530834197998,2.1530884161632278,9,1,5,500,11,3,1000,50,100,20,True,True,True,"{'bilateral_diameter': 9, 'dp': 1, 'gaussian_kernel': 5, 'max_radius': 500, 'median_kernel': 11, 'method': 3, 'min_dist': 1000, 'min_radius': 50, 'param1': 100, 'param2': 20, 'use_bilateral_blur': True, 'use_gaussian_blur': True, 'use_median_blur': True}",-400.1684500467947,-237.99731474446244,-371.90084164626705,-439.44817385235314,-464.8853733231337,-382.8800307226022,79.16471999177901,57
57,0.1928856372833252,0.11690784657461917,14.272395801544189,1.1270024737393114,9,1,5,500,11,3,1000,50,100,30,True,True,True,"{'bilateral_diameter': 9, 'dp': 1, 'gaussian_kernel': 5, 'max_radius': 500, 'median_kernel': 11, 'method': 3, 'min_dist': 1000, 'min_radius': 50, 'param1': 100, 'param2': 30, 'use_bilateral_blur': True, 'use_gaussian_blur': True, 'use_median_blur': True}",-651.8218513885929,-499.44362133035696,-541.126149303561,-615.5991120520487,-686.2083242931143,-598.8398116735348,69.18337539871186,59
58,0.09984688758850098,0.06914930912311146,11.917271089553832,0.8347296891671129,9,1,5,500,11,3,1000,50,100,40,True,True,True,"{'bilateral_diameter': 9, 'dp': 1, 'gaussian_kernel': 5, 'max_radius': 500, 'median_kernel': 11, 'method': 3, 'min_dist': 1000, 'min_radius': 50, 'param1': 100, 'param2': 40, 'use_bilateral_blur': True, 'use_gaussian_blur': True, 'use_median_blur': True}",-652.861983163459,-500.1602025153924,-541.174050528855,-615.5991120520487,-683.3444292265959,-598.6279554972701,68.41502818278313,58
59,0.094364595413208,0.03853849558058227,11.169609069824219,0.805661217889214,9,1,5,500,11,3,1000,50,100,50,True,True,True,"{'bilateral_diameter': 9, 'dp': 1, 'gaussian_kernel': 5, 'max_radius': 500, 'median_kernel': 11, 'method': 3, 'min_dist': 1000, 'min_radius': 50, 'param1': 100, 'param2': 50, 'use_bilateral_blur': True, 'use_gaussian_blur': True, 'use_median_blur': True}",-652.861983163459,-545.0246504549492,-576.1395959771822,-615.4831926974954,-742.4152130967201,-626.3849270779612,68.44997807837744,60
60,0.1553208827972412,0.06457649603890807,10.269341897964477,0.4658378535322539,9,1,5,500,11,3,1000,50,100,60,True,True,True,"{'bilateral_diameter': 9, 'dp': 1, 'gaussian_kernel': 5, 'max_radius': 500, 'median_kernel': 11, 'method': 3, 'min_dist': 1000, 'min_radius': 50, 'param1': 100, 'param2': 60, 'use_bilateral_blur': True, 'use_gaussian_blur': True, 'use_median_blur': True}",-652.861983163459,-561.7399700369135,-576.5662582679952,-619.9106586888929,-749.5472131896048,-632.1252166693731,66.94477571886289,61
61,0.12388858795166016,0.040648753055431086,10.29303674697876,0.5597334014860971,9,1,5,500,11,3,1000,50,100,70,True,True,True,"{'bilateral_diameter': 9, 'dp': 1, 'gaussian_kernel': 5, 'max_radius': 500, 'median_kernel': 11, 'method': 3, 'min_dist': 1000, 'min_radius': 50, 'param1': 100, 'param2': 70, 'use_bilateral_blur': True, 'use_gaussian_blur': True, 'use_median_blur': True}",-652.861983163459,-604.0046825790249,-576.1221222289865,-619.9106586888929,-763.6866549211258,-643.3172203162978,65.09750723709763,62
62,0.10610837936401367,0.04071647361697256,9.311470460891723,0.6775365344604556,9,1,5,500,11,3,1000,50,100,80,True,True,True,"{'bilateral_diameter': 9, 'dp': 1, 'gaussian_kernel': 5, 'max_radius': 500, 'median_kernel': 11, 'method': 3, 'min_dist': 1000, 'min_radius': 50, 'param1': 100, 'param2': 80, 'use_bilateral_blur': True, 'use_gaussian_blur': True, 'use_median_blur': True}",-690.9244389836441,-604.0046825790249,-575.6053316843285,-630.3634329936291,-810.1150411641119,-662.2025854809477,83.18996491556274,63
63,0.082100248336792,0.012487286501257832,6.5344462394714355,1.1135514930771258,9,1,5,500,11,3,1000,50,100,100,True,True,True,"{'bilateral_diameter': 9, 'dp': 1, 'gaussian_kernel': 5, 'max_radius': 500, 'median_kernel': 11, 'method': 3, 'min_dist': 1000, 'min_radius': 50, 'param1': 100, 'param2': 100, 'use_bilateral_blur': True, 'use_gaussian_blur': True, 'use_median_blur': True}",-729.3117293024304,-648.1512751091773,-618.9423452970252,-688.8166287510841,-810.1150411641119,-699.0674039247658,66.8787747186165,64
